Species	Taxonomy	Worker	diet.Wood.Soil	SoldierAUS4_Amitermes_meridionalis_1	Amitermes-group	1	Wood	1AUS77_Amitermes_sp.D_1	Amitermes-group	1	Wood	1AUS78_Amitermes_sp.E_1	Amitermes-group	1	Wood	1BRU3_Amitermes_dentatus_1	Amitermes-group	1	Wood	1Dentispicotermes_brevicarinatus_1	Amitermes-group	1	Soil	1E6_Amitermes_sp.A_1	Amitermes-group	1	Wood	1G697_Orthognathotermes_aduncus_1	Amitermes-group	1	Soil	1SAF4_Amitermes_sp.5_1	Amitermes-group	1	Wood	1SAF7_Amitermes_sp.3_1	Amitermes-group	1	Wood	1SAF8_Amitermes_sp.4_1	Amitermes-group	1	Wood	1SING86_Globitermes_globosus_1	Amitermes-group	1	Wood	1T1.10e_Prohamitermes_mirabilis_1	Amitermes-group	1	Wood	1THAI076_Globitermes_sulphureus_1	Amitermes-group	1	Wood	13.10.3_Amitermes_capito_1	Amitermes-group	1	Wood	13.14.4_Amitermes_sp.1_1	Amitermes-group	1	Wood	1Drepanotermes_ISO312_1	Amitermes-group	1	Wood	1NSW3_Amitermes_obeuntis_1	Amitermes-group	1	Wood	1T2.1e_Amitermes_dentatus_1	Amitermes-group	1	Wood	1Anaplecta_calosoma_1	Anaplectidae	NA	NA	NAAnaplecta_omei_1	Anaplectidae	NA	NA	NAARG2014-01_Aparatermes_sp.B_1	Apicotermitinae	1	Soil	0BDIT049_Aderitotermes_sp.2_1	Apicotermitinae	1	Soil	0BDIT061_Alyscotermes_kilimandjaricus_1	Apicotermitinae	1	Soil	0BDIT062_Acholotermes_chirotus_1	Apicotermitinae	1	Soil	0BDIT074_Aderitotermes_fossor_1	Apicotermitinae	1	Soil	0BDIT076_Apicotermitinae_gen.A_1	Apicotermitinae	1	Soil	0BDIT101_Anenteotermes_polyscolus_1	Apicotermitinae	1	Soil	0BDIT109_Aderitotermes_sp_1	Apicotermitinae	1	Soil	0BDIT112_Astalotermes_murcus_1	Apicotermitinae	1	Soil	0BDIT120_Astalotermes_sp._1	Apicotermitinae	1	Soil	0BRA12_Aparatermes_sp.A_1	Apicotermitinae	1	Soil	0BRA28_Anoplotermes-group_sp.I_1	Apicotermitinae	1	Soil	0BRA7_Patawatermes_sp.A_1	Apicotermitinae	1	Soil	0CA12_Astalotermes_Cameroon_1	Apicotermitinae	1	Soil	0CA15_Apicotermitinae_gen.B_Cameroon_1	Apicotermitinae	1	Soil	0CA38_Aderitotermes_sp_Cameroon_1	Apicotermitinae	1	Soil	0COL2012L04_Patawatermes_turricola_1	Apicotermitinae	1	Soil	0COL2012T03_Humutermes_krishnai_1	Apicotermitinae	1	Soil	0FG-ND2-26_Ruptitermes_nr.xanthochiton_1	Apicotermitinae	1	Soil	0FG-ND2-33_Anoplotermes-group_sp.SB_1	Apicotermitinae	1	Soil	0FG-ND2-43_Tetimatermes_sp.A_1	Apicotermitinae	1	Soil	0FG-ND2-48_Ruptitermes_arboreus_1	Apicotermitinae	1	Soil	0G13-034_Anoplotermes_parvus_1	Apicotermitinae	1	Soil	0G13-065_Anoplotermes-group_sp.Q_1	Apicotermitinae	1	Soil	0G13-069_Anoplotermes-group_sp.AF_1	Apicotermitinae	1	Soil	0G13-072_Rubeotermes_jheringi_1	Apicotermitinae	1	Soil	0G13-081_Aparatermes_nr.cingulatus_1	Apicotermitinae	1	Soil	0G13-10_Longustitermes_manni_1	Apicotermitinae	1	Soil	0G13-114_Compositermes_vindai_1	Apicotermitinae	1	Soil	0G13-116_Anoplotermes_sp.E1_1	Apicotermitinae	1	Soil	0G13-142_Anoplotermes_sp.E1_1	Apicotermitinae	1	Soil	0G680_Anoplotermes_sp.E1_1	Apicotermitinae	1	Soil	0G721_Anoplotermes-group_sp.AD_1	Apicotermitinae	1	Soil	0RDCT040_Acidnotermes_praus_1	Apicotermitinae	1	Soil	0RDCT052_Astalotermes_sp.B_1	Apicotermitinae	1	Soil	0RDCT121_Ateuchotermes_sp.C_1	Apicotermitinae	1	Soil	0RDCT147_Astratotermes_sp._1	Apicotermitinae	1	Soil	0RDCT70_Ateuchotermes_retifaciens_1	Apicotermitinae	1	Soil	0BDIT121_Alyscotermes_sp.B_1	Apicotermitinae	1	Soil	0CA18_Amalotermes_phaeocephalus_Cameroon_1	Apicotermitinae	1	Soil	0G13-017_Anoplotermes-group_sp.N_1	Apicotermitinae	1	Soil	0G13-120_Patawatermes_nigripunctatus_1	Apicotermitinae	1	Soil	0G13-122_Anoplotermes_janus_1	Apicotermitinae	1	Soil	0RDCT046_Astalotermes_quietus_1	Apicotermitinae	1	Soil	0CA11_Duplidentitermes_sp._1	Apicotermitinae	1	Soil	1RDCT008_Trichotermes_ducis_1	Apicotermitinae	1	Soil	1CA9_Jugositermes_tuberculatus_1	Apicotermitinae	1	Soil	1T4.14A_Euhamitermes_hamatus_1	Apicotermitinae	1	Soil	1Hodotermopsis_sjosdteti_1	Archotermopsidae	0	Wood	1IS17_Microhodotermes_viator_1	Archotermopsidae	1	Wood	1ISO845_Zootermopsis_angusticollis_1	Archotermopsidae	0	Wood	1AUS2_Laxta_sp._1	Blaberidae	NA	NA	NAB002_Aeluropoda_insignis_1	Blaberidae	NA	NA	NAB003_Archimandrita_tesselata_1	Blaberidae	NA	NA	NAB004_Blaberus_peruvianus_1	Blaberidae	NA	NA	NAB007_Blaberus_cf._1	Blaberidae	NA	NA	NAB015_Byrsotria_cabrerai_1	Blaberidae	NA	NA	NAB017_Byrsotria_rothi_1	Blaberidae	NA	NA	NAB020_Diploptera_punctata_1	Blaberidae	NA	NA	NAB021_Elliptorhina_chopardi_1	Blaberidae	NA	NA	NAB023_Elliptorhina_javanica_1	Blaberidae	NA	NA	NAB029_Gromphadorhina_grandidieri_1	Blaberidae	NA	NA	NAB031_Gromphadorhina_oblongonota_1	Blaberidae	NA	NA	NAB034_Gyna_caffrorum_1	Blaberidae	NA	NA	NAB035_Gyna_capucina_1	Blaberidae	NA	NA	NAB041_Nauphoeta_cinerea_1	Blaberidae	NA	NA	NAB044_Panchlora_nivea_1	Blaberidae	NA	NA	NAB046_Phoetalia_pallida_1	Blaberidae	NA	NA	NAB048_Pycnoscelus_femapterus_1	Blaberidae	NA	NA	NAB050_Pycnoscelus_nigra_1	Blaberidae	NA	NA	NAB052_Pycnoscelus_surinamensis_1	Blaberidae	NA	NA	NAB054_Rhyparobia_sp._1	Blaberidae	NA	NA	NAB055_Schultesia_lampyridiformis_1	Blaberidae	NA	NA	NAB056_Blaptica_dubia_1	Blaberidae	NA	NA	NAB103_Pycnoscelus_sp._1	Blaberidae	NA	NA	NAB107_Neolaxta_mackerrasae_1	Blaberidae	NA	NA	NAB115_Macropanesthia_rhinoceros_1	Blaberidae	NA	NA	NABLA48_Laxta_sp._1	Blaberidae	NA	NA	NAElliptorhina_davidi_22_1	Blaberidae	NA	NA	NAEublaberus_distanti_25_1	Blaberidae	NA	NA	NAPanesthia_angustipennis_Z138PA_1	Blaberidae	NA	NA	NAPanesthia_sp_Salganea_1	Blaberidae	NA	NA	NAParanauphoeta_circumda_1	Blaberidae	NA	NA	NARhabdoblatta_sp_1	Blaberidae	NA	NA	NAZ95_Rhyparobia_grandis_1	Blaberidae	NA	NA	NAB010_Blaberus_discoidalis_1	Blaberidae	NA	NA	NAB016_Byrsotria_fumigata_1	Blaberidae	NA	NA	NAB032_Gromphadorhina_portentosa_1	Blaberidae	NA	NA	NAB049_Pycnoscelus_indicus_1	Blaberidae	NA	NA	NAB053_Rhyparobia_maderae_1	Blaberidae	NA	NA	NAPvii_Gromphadorhina_sp._1	Blaberidae	NA	NA	NAB069_Deropeltis_paulinoi_1	Blattidae	NA	NA	NAB071_Eurycotis_decipiens_1	Blattidae	NA	NA	NAB072_Eurycotis_floridana_1	Blattidae	NA	NA	NAB073_Eurycotis_opaca_Sunset_1	Blattidae	NA	NA	NAB074_Eurycotis_sp._1	Blattidae	NA	NA	NAB075_Neostylopyga_rhombifolia_1	Blattidae	NA	NA	NAB077_Periplaneta_australasiae_1	Blattidae	NA	NA	NAB078_Periplaneta_brunnea_1	Blattidae	NA	NA	NAB080_Shelfordella_lateralis_1	Blattidae	NA	NA	NAB122_Platyzosteria_nitida_1	Blattidae	NA	NA	NAMethana_sp_AUS1_1	Blattidae	NA	NA	NAPeriplaneta_americana_1	Blattidae	NA	NA	NAPolyzosteria_viridissima_1	Blattidae	NA	NA	NAProtagonista_lugubris_1	Blattidae	NA	NA	NACosmozosteria_sp_1	Blattidae	NA	NA	NAMelanozosteria_sp._1	Blattidae	NA	NA	NAPF_Periplaneta_fuliginosa_1	Blattidae	NA	NA	NAG687_Cylindrotermes_parvignathus_1	Cephalo-group	1	Wood	1RDCT180_Cephalotermes_rectangularis_1	Cephalo-group	1	Wood	1TBRU3.23a_Orientotermes_emersoni_1	Cephalo-group	1	Wood	03.10.2AUS_Coptotermes_acinaciformis_raffrayi_Australia_1	Coptotermitinae	1	Wood	13.12.2.AUS_Heterotermes_cf_occiduus_1	Coptotermitinae	1	Wood	13_15_2_AUS_Heterotermes_occidus_Australia_1	Coptotermitinae	1	Wood	13.15.6AUS_Heterotermes_platycephalus_Australia_1	Coptotermitinae	1	Wood	1AUS103_Heterotermes_cf_paradoxus_1	Coptotermitinae	1	Wood	1AUS121_Heterotermes_cf_paradoxus_1	Coptotermitinae	1	Wood	1AUS47_Heterotermes_vagus_Australia_1	Coptotermitinae	1	Wood	1AUS50_Heterotermes_validus_1	Coptotermitinae	1	Wood	1AUSTRALIANRPERTH_Coptotermes_michaelseni_1	Coptotermitinae	1	Wood	1BDIT8-M2A_Coptotermes_amanii_1	Coptotermitinae	1	Wood	1COL-4PUERTO_Heterotermes_nr_tenuis_1	Coptotermitinae	1	Wood	1COPFRE_Coptotermes_frenchi_Australia_1	Coptotermitinae	1	Wood	1G13-026_Heterotermes_crinitus_FG_1	Coptotermitinae	1	Wood	1IND3_Heterotermes_malabaricus_1	Coptotermitinae	1	Wood	1NG79_Coptotermes_elisae_New_Guinea_1	Coptotermitinae	1	Wood	1RET-GRA_Reticulitermes_grassei_France_1	Coptotermitinae	1	Wood	1Reticulitermes_aculabialis_China_1	Coptotermitinae	1	Wood	1Reticulitermes_chinensis_China_1	Coptotermitinae	1	Wood	1T13_Heterotermes_tenuis_FG_1	Coptotermitinae	1	Wood	1TBRU7.17B_Heterotermes_tenuior_Brunei_1	Coptotermitinae	1	Wood	1THAI098_Reticulitermes_sp.A_1	Coptotermitinae	1	Wood	1BDIT27_Coptotermes_sjosdteti_Burundi_1	Coptotermitinae	1	Wood	1BG7_Coptotermes_gestroi_1	Coptotermitinae	1	Wood	1COL05PUERTO_Coptotermes_testaceus_Columbia_1	Coptotermitinae	1	Wood	1COPACI_Coptotermes_acinaciformis_Australia_1	Coptotermitinae	1	Wood	1COP-LAC_Coptotermes_lacteus_Australia_1	Coptotermitinae	1	Wood	1Coptotermes_formosanus_1	Coptotermitinae	1	Wood	1Coptotermes_formosanus_Iriomote_1	Coptotermitinae	1	Wood	1Coptotermes_formosanus_Miyako_1	Coptotermitinae	1	Wood	1E38_Coptotermes_heimi_Pakistan_1	Coptotermitinae	1	Wood	1E48_Coptotermes_heimi_Pakistan_1	Coptotermitinae	1	Wood	1IS13_Reticulitermes_flavipes_1	Coptotermitinae	1	Wood	1IS57_Reticulitermes_flavipes_1	Coptotermitinae	1	Wood	1IS59_Reticulitermes_virginicus_1	Coptotermitinae	1	Wood	1MLA11_Coptotermes_sepangensis_1	Coptotermitinae	1	Wood	1NG78_Coptotermes_remotus_1	Coptotermitinae	1	Wood	1Reticulitermes_hageni_1	Coptotermitinae	1	Wood	1SING80_Coptotermes_kalshoveni_Singapore_1	Coptotermitinae	1	Wood	1TBRU1-3_Coptotermes_travians_Brunei_1	Coptotermitinae	1	Wood	1US12_Coptotermes_formosanus_US_1	Coptotermitinae	1	Wood	1G13-107_Coptotermes_testaceus_FG_1	Coptotermitinae	1	Wood	1Heterotermes_ISO183_1	Coptotermitinae	1	Wood	1B086_Ergaula_capucina_1	Corydiidae	NA	NA	NAB088_Polyphaga_aegyptiaca_1	Corydiidae	NA	NA	NAB089_Therea_olegrandjeani_1	Corydiidae	NA	NA	NAB090_Therea_petiveriana_1	Corydiidae	NA	NA	NAB091_Therea_regularis_1	Corydiidae	NA	NA	NAB094_Heterogamodes_hebraica_1	Corydiidae	NA	NA	NAB097_Arenivaga_cf._1	Corydiidae	NA	NA	NAES_Eupolyphaga_sinensis_1	Corydiidae	NA	NA	NAEupolyphaga_sinensis_81_1	Corydiidae	NA	NA	NACryptocercus_hirtus_1	Cryptocercidae	NA	NA	NACryptocercus_meridianus_1	Cryptocercidae	NA	NA	NACryptocercus_punctulatus_sp_CR18_1	Cryptocercidae	NA	NA	NACR_Cryptocercus_relictus_1	Cryptocercidae	NA	NA	NABDIT037_Furculitermes_soyeri_1	Cubitermitinae	1	Soil	1BDIT069_Cubitermes_nr_fulvus_1	Cubitermitinae	1	Soil	1BDIT075_Cubitermes_fulvus_1	Cubitermitinae	1	Soil	1BDIT106_Cubitermes_oblectatus_1	Cubitermitinae	1	Soil	1CA1_Cubitermes_fungifaber_1	Cubitermitinae	1	Soil	1CA35_Basidentitermes_aurivillii_Cameroon_1	Cubitermitinae	1	Soil	1RDCT012_Furculitermes_longilabius_1	Cubitermitinae	1	Soil	1RDCT047_Furculitermes_cubitalis_1	Cubitermitinae	1	Soil	1RDCT051_Orthotermes_depressifrons_1	Cubitermitinae	1	Soil	1RDCT077_Furculitermes_winifredae_1	Cubitermitinae	1	Soil	1RDCT100_Noditermes_cristifrons_1	Cubitermitinae	1	Soil	1RDCT108_Procubitermes_undulans_1	Cubitermitinae	1	Soil	1RDCT128_Thoracotermes_macrothorax_1	Cubitermitinae	1	Soil	1RDCT129_Crenetermes_albotarsalis_1	Cubitermitinae	1	Soil	1RDCT130_Cubitermes_sulcifrons_1	Cubitermitinae	1	Soil	1RDCT131_Orthotermes_mansuetus_1	Cubitermitinae	1	Soil	1RDCT141_Ophiotermes_grandilabius_1	Cubitermitinae	1	Soil	1RDCT159_Proboscitermes_tubuliferus_1	Cubitermitinae	1	Soil	1RDCT183_Apilitermes_longiceps_1	Cubitermitinae	1	Soil	1BDIT078_Cubitermes_ugandensis_1	Cubitermitinae	1	Soil	1CA13_Ophiotermes_sp._1	Cubitermitinae	1	Soil	1B058_Asiablatta_kyotensis_1	Ectobiidae1	NA	NA	NAB061_Paratemnopteryx_couloniana_1	Ectobiidae1	NA	NA	NAB062_Parcoblatta_divisa_1	Ectobiidae1	NA	NA	NAB063_Parcoblatta_lata_1	Ectobiidae1	NA	NA	NAB064_Parcoblatta_pennsylvanica_1	Ectobiidae1	NA	NA	NAB066_Symploce_macroptera_1	Ectobiidae1	NA	NA	NAB067_Symploce_pallens_1	Ectobiidae1	NA	NA	NAB082_Ischnoptera_bilunata_1	Ectobiidae1	NA	NA	NAB083_Ischnoptera_deropeltiformis_1	Ectobiidae1	NA	NA	NAB084_Ischnoptera_sp._1	Ectobiidae1	NA	NA	NAB096_Lobopterella_dimidiatipes_1	Ectobiidae1	NA	NA	NAB099_Parcoblatta_fulvescens_1	Ectobiidae1	NA	NA	NAB100_Parcoblatta_uhleriana_1	Ectobiidae1	NA	NA	NAB101_Parcoblatta_bolliana_1	Ectobiidae1	NA	NA	NABB_Ectobiidae_1	Ectobiidae1	NA	NA	NABBI_Blattella_bisignata_1	Ectobiidae1	NA	NA	NABeybienkoa_karandanensis_1	Ectobiidae1	NA	NA	NABUidUT_Blattella_lituricollis_1	Ectobiidae1	NA	NA	NABV_Blattella_vaga_1	Ectobiidae1	NA	NA	NACarbrunneria_paramaxi_1	Ectobiidae1	NA	NA	NAZ140_Ectobiidae_sp._1	Ectobiidae1	NA	NA	NAB059_Blattella_asahinai_1	Ectobiidae1	NA	NA	NABlatella_germanica_1	Ectobiidae1	NA	NA	NAMegaloblatta_sp_ECMD1_1	Ectobiidae2	NA	NA	NAAllacta_bimaculata_1	Ectobiidae3	NA	NA	NAAmazonina_sp._1	Ectobiidae3	NA	NA	NAB068_Blatta_orientalis_1	Blattidae	NA	NA	NABalta_sp._1	Ectobiidae3	NA	NA	NAEctobius_sp_Z254C_1	Ectobiidae3	NA	NA	NAPhyllodromica_sp._1	Ectobiidae3	NA	NA	NAEuphyllodromia_Z257_1	Ectobiidae3	NA	NA	NABDIT108_Foraminitermes_rhinoceros_1	Foraminitermitinae	1	Soil	1TBRU8.14E_Labritermes_buttelreepeni_1	Foraminitermitinae	1	Soil	1AUS101_1	Kalotermitidae	0	Wood	1AUS102_1	Kalotermitidae	0	Wood	1AUS109_Kalotermitidae_sp_E_Australia_1	Kalotermitidae	0	Wood	1AUS110_NODE_1_length_15815_cov_394767_ID_1911_1	Kalotermitidae	0	Wood	1AUS111_1	Kalotermitidae	0	Wood	1AUS89_NODE_1_length_15463_cov_359375_ID_1361_1	Kalotermitidae	0	Wood	1AUS91_1	Kalotermitidae	0	Wood	1BA2929_NODE_6_length_15590_cov_330713_ID_1249685_1	Kalotermitidae	0	Wood	1BA3121_NODE_84_length_15754_cov_340293_ID_1927933_1	Kalotermitidae	0	Wood	1Bifid_1	Kalotermitidae	0	Wood	1BRA15_Glyptotermes_1	Kalotermitidae	0	Wood	1CAM16-31_NODE_1_length_16055_cov_206745_ID_2275_1	Kalotermitidae	0	Wood	1CHI15-157_NODE_1_length_15696_cov_532996_ID_1259_1	Kalotermitidae	0	Wood	1CHI15-24_1	Kalotermitidae	0	Wood	1CHI15-75_1	Kalotermitidae	0	Wood	1CHI15-85_NODE_1_length_15781_cov_415385_ID_1981_1	Kalotermitidae	0	Wood	1COL17-26_NODE_1_length_15512_cov_173959_ID_51_1	Kalotermitidae	0	Wood	1CRYAUS_Cryptotermes_austrinus_Australia_1	Kalotermitidae	0	Wood	1CRYBREVIS_Cryptotermes_brevis_Australia_1	Kalotermitidae	0	Wood	1CRYDOMESTI_Cryptotermes_domesticus_1	Kalotermitidae	0	Wood	1CRYDRUDDLE_Cryptotermes_dudleyi_Australia_1	Kalotermitidae	0	Wood	1CRYPRIMUS_Cryptotermes_primus_Australia_1	Kalotermitidae	0	Wood	1Cryptotermes_secundus_1	Kalotermitidae	0	Wood	1CRYQUEEN_Cryptotermes_queenslandicus_Australia_1	Kalotermitidae	0	Wood	1CU_1490_0_NODE_2_length_15846_cov_660191_ID_1569873_1	Kalotermitidae	0	Wood	1E17-RS-34-2-TR_NODE_1_length_15518_cov_51521_ID_229_1	Kalotermitidae	0	Wood	1E58_Kalotermitidae_spA_Pakistan_1	Kalotermitidae	0	Wood	1EC1466_0_NODE_3_length_15795_cov_299853_ID_608187_1	Kalotermitidae	0	Wood	1FG16-11_1	Kalotermitidae	0	Wood	1FG17-7_NODE_1_length_15536_cov_109291_ID_76_1	Kalotermitidae	0	Wood	1FG-ND2-12_1	Kalotermitidae	0	Wood	1FG-N-D2-2_Neotermes_spA_FG_1	Kalotermitidae	0	Wood	1FG-ND2-3_Comatermes_sp._1	Kalotermitidae	0	Wood	1FLY667_0_NODE_1_length_15810_cov_38592_ID_136216_1	Kalotermitidae	0	Wood	1G678_Rugitermes_sp_A_1	Kalotermitidae	0	Wood	1Glypto1_Glyptotermes_fuscus_Japan_1	Kalotermitidae	0	Wood	1Glyptotermes_satsumensis_1	Kalotermitidae	0	Wood	1GP17-13_1	Kalotermitidae	0	Wood	1GR2200_NODE_14_length_15769_cov_491341_ID_624588_1	Kalotermitidae	0	Wood	1Incisitermes_arizonensis_1	Kalotermitidae	0	Wood	1Incisitermes_minor_1	Kalotermitidae	0	Wood	1ISO262_Neotermes_insularis_1	Kalotermitidae	0	Wood	1KE15-10_1	Kalotermitidae	0	Wood	1KE15-140_1	Kalotermitidae	0	Wood	1KE15-30_1	Kalotermitidae	0	Wood	1KF_Kalotermes_flavicollis_1	Kalotermitidae	0	Wood	1M16_1	Kalotermitidae	0	Wood	1MAD15-108_NODE_1_length_15757_cov_110743_ID_123_1	Kalotermitidae	0	Wood	1MAD15-1_1	Kalotermitidae	0	Wood	1MAD15-128_NODE_1_length_16052_cov_832021_ID_301_1	Kalotermitidae	0	Wood	1MAD15-171_NODE_1_length_15507_cov_475004_ID_850_1	Kalotermitidae	0	Wood	1MAD15-2_1	Kalotermitidae	0	Wood	1MAL10_Neotermes_spA_Malaysia_1	Kalotermitidae	0	Wood	1MAL36_Cryptotermes_sp1_Malaysia_1	Kalotermitidae	0	Wood	1NG21_Glyptotermes_spA_NewGuinea_1	Kalotermitidae	0	Wood	1NU_mod_1	Kalotermitidae	0	Wood	1PA942_NODE_72_length_15794_cov_8138327_1	Kalotermitidae	0	Wood	1PHI6_1	Kalotermitidae	0	Wood	1RDCT163_Glyptotermes_spA_Congo_1	Kalotermitidae	0	Wood	1SING74_Neotermes_spA_Singapore_1	Kalotermitidae	0	Wood	1SING76_Glyptotermes_1	Kalotermitidae	0	Wood	1TBRU5.4a_Glyptotermes_1	Kalotermitidae	0	Wood	1THAI031_Glyptotermes_sp3_Thailand_1	Kalotermitidae	0	Wood	1THAI108_NODE_1_length_15711_cov_281392_ID_711_1	Kalotermitidae	0	Wood	1TP1.15A_Cryptotermes_sp3_Malaysia_1	Kalotermitidae	0	Wood	1Lamproblatta_sp_1	Lamproblattidae	NA	NA	NABDIT020_Microtermes_sp_Burundi_1	Macrotermitinae	1	Wood	1BDIT023_Pseudacanthotermes_spiniger_Burundi_1	Macrotermitinae	1	Wood	1BDIT051_Microtermes_sp_Burundi_1	Macrotermitinae	1	Wood	1BDIT129_Macrotermes_vitrialatus_Burundi_1	Macrotermitinae	1	Wood	1BDIT8-M2B_Microtermes_sp_Burundi_1	Macrotermitinae	1	Wood	1CA10_Synacanthotermes_sp._1	Macrotermitinae	1	Wood	1CA27_Acanthotermes_acanthotorax_Cameroon_1	Macrotermitinae	1	Wood	1E16_Microtermes_sp_Pakistan_1	Macrotermitinae	1	Wood	1E31_Microtermes_obesi_Pakistan_1	Macrotermitinae	1	Wood	1E50_Microtermes_sp1_Pakistan_1	Macrotermitinae	1	Wood	1IND1_Microtermes_sp.C_India_1	Macrotermitinae	1	Wood	1IND6_Odontotermes_sp.C_1	Macrotermitinae	1	Wood	1IND8_Odontotermes_sp.B_1	Macrotermitinae	1	Wood	1Macrotermes_barneyi_1	Macrotermitinae	1	Wood	1Odontotermes_formosanus_Japan_1	Macrotermitinae	1	Wood	1RDCT011_Macrotermes_muelleri_Congo_1	Macrotermitinae	1	Wood	1RDCT016_Protermes_prorepens_1	Macrotermitinae	1	Wood	1RDCT144_Odontotermes_sp.D_1	Macrotermitinae	1	Wood	1RDCT160_Odontotermes_nr.pauperans_1	Macrotermitinae	1	Wood	1RDCT161_Pseudacanthotermes_militaris_Congo_1	Macrotermitinae	1	Wood	1SAF1_Microtermes_sp.A_1	Macrotermitinae	1	Wood	1SAF2_Macrotermes_falciger_SouthAfrica_1	Macrotermitinae	1	Wood	1SAF3_Microtermes_sp.B_1	Macrotermitinae	1	Wood	1SAF5_Allodontermes_schultzei_1	Macrotermitinae	1	Wood	1SING60_Macrotermes_malaccensis_1	Macrotermitinae	1	Wood	1T4.12_Odontotermes_sp.A_1	Macrotermitinae	1	Wood	1TBRU9.19A_Macrotermes_sp.B_1	Macrotermitinae	1	Wood	1THAI008_Hypotermes_makhamensis_1	Macrotermitinae	1	Wood	1THAI071_Macrotermes_annandalei_1	Macrotermitinae	1	Wood	1THAI102_Odontotermes_longignathus_1	Macrotermitinae	1	Wood	1THAI115_Odontotermes_sp.10_1	Macrotermitinae	1	Wood	1Ancistrotermes_pakistanicus_Thailand_1	Macrotermitinae	1	Wood	1BDIT064_Macrotermes_sp.A_1	Macrotermitinae	1	Wood	1BDIT085_Odontotermes_sp._1	Macrotermitinae	1	Wood	1BDIT087_Odontotermes_sp._1	Macrotermitinae	1	Wood	1E17_Odontotermes_obesus_1	Macrotermitinae	1	Wood	1E35_Odontotermes_obesus_1	Macrotermitinae	1	Wood	1IS95_Macrotermes_subhyalinus_1	Macrotermitinae	1	Wood	1Macrotermes_natalensis_Africa_1	Macrotermitinae	1	Wood	1MAL41_Odontotermes_sp.K_1	Macrotermitinae	1	Wood	1PHI4_Macrotermes_sp_Philippines_1	Macrotermitinae	1	Wood	1RDCT048_Microtermes_sp._1	Macrotermitinae	1	Wood	1RDCT148_Microtermes_sp._1	Macrotermitinae	1	Wood	1SING87_Macrotermes_carbonarius_Singapore_1	Macrotermitinae	1	Wood	1SING91_Macrotermes_gilvus_Singapore_1	Macrotermitinae	1	Wood	1TBRU9.19E_Odontotermes_mathuri_1	Macrotermitinae	1	Wood	1THAI064_Odontotermes_javanicus_1	Macrotermitinae	1	Wood	1THAI088_Microtermes_obesi_Thailand_1	Macrotermitinae	1	Wood	1THAI005_Odontotermes_sp.6_1	Macrotermitinae	1	Wood	1I9_Mastotermes_darwiniensis_1	Mastotermitidae	1	Wood	1AUS114_Microcerotermes_sp.H_1	Microcerotermes	1	Wood	1AUS66_Microcerotermes_sp.E_1	Microcerotermes	1	Wood	1AUS6_Microcerotermes_nervosus_1	Microcerotermes	1	Wood	1AUS82_Microcerotermes_sp.I_1	Microcerotermes	1	Wood	1BDIT089_Microcerotermes_progrediens_1	Microcerotermes	1	Wood	1BDIT102_Microcerotermes_fuscotibialis_1	Microcerotermes	1	Wood	1G689_Microcerotermes_sp._1	Microcerotermes	1	Wood	1NEW4_Microcerotermes_baluchistanicus_1	Microcerotermes	1	Wood	1NG71_Microcerotermes_biroi_1	Microcerotermes	1	Wood	1RDCT033_Microcerotermes_fuscotibialis_1	Microcerotermes	1	Wood	1SING48_Microcerotermes_sp.B_1	Microcerotermes	1	Wood	1T2.1c_Microcerotermes_havilandi_1	Microcerotermes	1	Wood	1TBRU3.18a_Microcerotermes_nr.havilandi_1	Microcerotermes	1	Wood	1TBRU9.12E_Microcerotermes_serrula_1	Microcerotermes	1	Wood	1THAI055_Microcerotermes_sp.A_1	Microcerotermes	1	Wood	1WA2_Microcerotermes_newmani_1	Microcerotermes	1	Wood	1AUS30_Microcerotermes_sp._1	Microcerotermes	1	Wood	1AUS71_Microcerotermes_sp.G_1	Microcerotermes	1	Wood	1BDIT022_Microcerotermes_parvus_1	Microcerotermes	1	Wood	1COL2012-T09_Microcerotermes_sp._1	Microcerotermes	1	Wood	1E42_Microcerotermes_sp.3_1	Microcerotermes	1	Wood	1FG-ND2-38_Microcerotermes_sp.SA_1	Microcerotermes	1	Wood	1MAL21_Microcerotermes_crassus_1	Microcerotermes	1	Wood	1PHI1_Microcerotermes_crassus_1	Microcerotermes	1	Wood	1SING47_Microcerotermes_crassus_1	Microcerotermes	1	Wood	1THAI95_Microcerotermes_crassus_1	Microcerotermes	1	Wood	1Acroneuria_hainana_1	NA	NA	NA	NACreobroter_gemmatus_1	NA	NA	NA	NAEntoria_okinawaensis_1	NA	NA	NA	NAExtatosoma_tiaratum_1	NA	NA	NA	NAGrylloblatta_sculleni_1	NA	NA	NA	NAHierodula_formosana_1	NA	NA	NA	NAHumbertiella_nada_1	NA	NA	NA	NALocusta_migratoria_1	NA	NA	NA	NALocusta_migratoria_tibetensis_1	NA	NA	NA	NAMantis_1	NA	NA	NA	NAMantis_Tamolanica_tamolana_1	NA	NA	NA	NAMantoida_MN110_1	NA	NA	NA	Megacrania_alpheus_1	NA	NA	NA	NAPhobaeticus_serratipes_1	NA	NA	NA	NAPhraortes_illepidus_1	NA	NA	NA	NARamulus_hainanense_1	NA	NA	NA	NARamulus_irregulariterdentatus_1	NA	NA	NA	NASclerophasma_1	NA	NA	NA	NAStatilia_sp._1	NA	NA	NA	NATenodera_sinensis_1	NA	NA	NA	NATimema_californicum_1	NA	NA	NA	NAG685_Atlantitermes_oculatissimus_1	Nasutitermitinae	1	Soil	1T2.19a_Oriensubulitermes_inanis_1	Nasutitermitinae	1	Soil	1TBRU5.3b_Oriensubulitermes_inanis_1	Nasutitermitinae	1	Soil	1CA8_Postsubulitermes_parviconstrictus_1	Nasutitermitinae	1	Soil	1CA20_Leptomyxotermes_doriae_1	Nasutitermitinae	1	Soil	1FG-ND2-19_Anhangatermes_macarthuri_1	Nasutitermitinae	1	Soil	1G13-130_Coatitermes_sp.2_1	Nasutitermitinae	1	Soil	1G679_Caetetermes_taquarussu_1	Nasutitermitinae	1	Soil	1G712_Subulitermes_sp._1	Nasutitermitinae	1	Soil	1G728_Agnathotermes_crassinasus_1	Nasutitermitinae	1	Soil	1G729_Araujotermes_parvellus_1	Nasutitermitinae	1	Soil	1G736_Atlantitermes_snyderi_1	Nasutitermitinae	1	Soil	1G740_Coatitermes_kartaboensis_1	Nasutitermitinae	1	Soil	1SING58_Aciculitermes_aciculatus_1	Nasutitermitinae	1	Soil	1T1.15a_Leucopitermes_leucops_1	Nasutitermitinae	1	Soil	1THAI091_Aciculitermes_maymyoensis_1	Nasutitermitinae	1	Soil	13.11.1_Nasutitermes_exitiosus_1	Nasutitermitinae	1	Wood	1BRU6_Nasutitermes_matangensis_1	Nasutitermitinae	1	Wood	1IND5_Nasutitermes_sp.B_1	Nasutitermitinae	1	Wood	1Nasutitermes_ISO352_1	Nasutitermitinae	1	Wood	1Nasutitermes_takasagoensis_Japan_1	Nasutitermitinae	1	Wood	1PHI5_Nasutitermes_matangensis_1	Nasutitermitinae	1	Wood	1T2.5f_Nasutitermes_matangensis_1	Nasutitermitinae	1	Wood	1TBRU3.17a_Nasutitermes_longirostris_1	Nasutitermitinae	1	Wood	1TBRU3.4a_Nasutitermes_longirostris_1	Nasutitermitinae	1	Wood	1THAI043_Nasutitermes_sp.3_1	Nasutitermitinae	1	Wood	1THAI046_Nasutitermes_matangensis_1	Nasutitermitinae	1	Wood	1AUS24_Nasutitermes_longipennis_1	Nasutitermitinae	1	Wood	1AUS49_Tumulitermes_sp._1	Nasutitermitinae	1	Wood	1AUS54_Nasutitermes_triodiae_1	Nasutitermitinae	1	Wood	1AUS56_Tumulitermes_pastinator_1	Nasutitermitinae	1	Wood	1AUS57_Tumulitermes_recalvus_1	Nasutitermitinae	1	Wood	1AUS5_Tumulitermes_sp._1	Nasutitermitinae	1	Wood	1AUS62_Nasutitermes_graveolus_1	Nasutitermitinae	1	Wood	1AUS97_Nasutitermes_sp._1	Nasutitermitinae	1	Wood	1BDIT041_Nasutitermes_arborum_1	Nasutitermitinae	1	Wood	1BDIT114_Trinevitermes_sp.A_1	Nasutitermitinae	1	Wood	1BRA1_Constrictotermes_cyphergaster_1	Nasutitermitinae	1	Wood	1BRU8_Hospitalitermes_hospitalis_1	Nasutitermitinae	1	Wood	1COL-2012L08_Nasutitermes_sp._1	Nasutitermitinae	1	Wood	1COL-SAS_Nasutitermes_sp._1	Nasutitermitinae	1	Wood	1FG-ND2-30_Nasutitermes_sp._1	Nasutitermitinae	1	Wood	1FG-ND2-32_Nasutitermes_sp.SC_1	Nasutitermitinae	1	Wood	1G13-117_Nasutitermes_banksi_1	Nasutitermitinae	1	Wood	1G13-127_Nasutitermes_similis_1	Nasutitermitinae	1	Wood	1G700_Constrictotermes_cavifrons_1	Nasutitermitinae	1	Wood	1G718_Nasutitermes_octopilis_1	Nasutitermitinae	1	Wood	1G733_Nasutitermes_macrocephalus_1	Nasutitermitinae	1	Wood	1IND2_Trinervitermes_sp._1	Nasutitermitinae	1	Wood	1MAL27_Hospitalitermes_medioflavus_1	Nasutitermitinae	1	Wood	1Nasutitermes_nr.perparvus_Thailand_1	Nasutitermitinae	1	Wood	1NG69_Nasutitermes_bikpelanus_1	Nasutitermitinae	1	Wood	1NSW6_Occasitermes_occasus_1	Nasutitermitinae	1	Wood	1PHI3_Hospitalitermes_sp._1	Nasutitermitinae	1	Wood	1RDCT106_Nasutitermes_lujae_1	Nasutitermitinae	1	Wood	1RDCT127_Nasutitermes_sp.A_1	Nasutitermitinae	1	Wood	1RDCT137_Nasutitermes_latifrons_1	Nasutitermitinae	1	Wood	1RDCT157_Nasutitermes_diabolus_1	Nasutitermitinae	1	Wood	1SING54_Hospitalitermes_hospitalis_1	Nasutitermitinae	1	Wood	1SING55_Bulbitermes_singaporensis_1	Nasutitermitinae	1	Wood	1SING77_Havilanditermes_proatripennis_1	Nasutitermitinae	1	Wood	1SING78_Hirtitermes_hirtiventris_1	Nasutitermitinae	1	Wood	1T3.10E_Bulbitermes_sp.B_1	Nasutitermitinae	1	Wood	1TBRU3.12b_Nasutitermes_neoparvus_1	Nasutitermitinae	1	Wood	1THAI021_Nasutitermes_sp.2_1	Nasutitermitinae	1	Wood	1THAI052_Hospitalitermes_sp.D_1	Nasutitermitinae	1	Wood	1THAI056_Nasutitermes_sp.1_1	Nasutitermitinae	1	Wood	1THAI067_Hospitalitermes_sp.C_1	Nasutitermitinae	1	Wood	1THAI093_Bulbitermes_makhamensis_1	Nasutitermitinae	1	Wood	1THAI100_Bulbitermes_nr.laticephalus_1	Nasutitermitinae	1	Wood	1G13-028_Planicapritermes_planiceps_1	Neocapri-group	1	Soil	1G13-067_Crepititermes_verruculosus_1	Neocapri-group	1	Soil	1G13-080_Neocapritermes_taracua_1	Neocapri-group	1	Soil	1G681_Neocapritermes_araguaia_1	Neocapri-group	1	Soil	1G683_Neocapritermes_sp.H_1	Neocapri-group	1	Soil	1G707_Neocapritermes_angusticeps_1	Neocapri-group	1	Soil	1JE91_Nocticola_sp._1	Nocticolidae	NA	NA	NASING89_Mirocapritermes_connectens_1	Pericapritermes-group	1	Soil	1T1.6d_Pericapritermes_dolichocephalus_1	Pericapritermes-group	1	Soil	1TBRU3.23b_Pericapritermes_dolichocephalus_1	Pericapritermes-group	1	Soil	1CA25_Pericapritermes_nigerianus_1	Pericapritermes-group	1	Soil	1NG55_Pericapritermes_spB_NewGuinea_1	Pericapritermes-group	1	Soil	1RDCT014_Pericapritermes_sp.A_1	Pericapritermes-group	1	Soil	1SING88_Procapritermes_sp.G_1	Pericapritermes-group	1	Soil	1T1.6c_Procapritermes_sp.A_1	Pericapritermes-group	1	Soil	1TBRU8.15B_Procapritermes_martyni_1	Pericapritermes-group	1	Soil	1THAI026_Dicuspiditermes_sp.2_1	Pericapritermes-group	1	Soil	1THAI028_Pericapritermes_sp.2_1	Pericapritermes-group	1	Soil	1THAI037_Procapritermes_sp.1_1	Pericapritermes-group	1	Soil	1THAI061_Pericapritermes_sp.3_1	Pericapritermes-group	1	Soil	1THAI078_Mirocapritermes_sp.2_1	Pericapritermes-group	1	Soil	1THAI105_Sinocapritermes_sp.1_1	pericapritermes-group	1	Soil	1TP1.19B_Pericapritermes_sp.G_1	Pericapritermes-group	1	Soil	1BDIT073_Promirotermes_sp.A_1	Promiro	1	Soil	1BDIT026_Promirotermes_pygmaeus_1	Promiro	1	Soil	1NG91_Prorhinotermes_inopinatus_New_Guinea_1	Prorhinotermitinae	0	Wood	1Prorhinotermes_canalifrons_1	Prorhinotermitinae	0	Wood	1Prorhinotermes_simplex_Cuba_1	Prorhinotermitinae	0	Wood	1Dolichorhinotermes_longilabius_1	Rhinotermitidae	1	Wood	1SING75_Schedorhinotermes_medioobscurus_Singapore_1	Rhinotermitinae	1	Wood	1THAI084_Schedorhinosp_Thailand_1	Rhinotermitinae	1	Wood	1AUS104_Schedorhinotermes_sp4_Australia_1	Rhinotermitinae	1	Wood	1AUS61_Schedorhinotermes_spB_Australia_1	Rhinotermitinae	1	Wood	1AUS87_Schedorhinotermes_breinli_Australia_1	Rhinotermitinae	1	Wood	1ISO314_Schedorhinotermes_breinli_Australia_1	Rhinotermitinae	1	Wood	1T2.1d_Schedorhinotermes_translucens_Singapore_1	Rhinotermitinae	1	Wood	1THAI063_Schedorhinotermes_sp3_Thailand_1	Rhinotermitinae	1	Wood	1AUS11_Schedorhinotermes_spA_Australia_1	Rhinotermitinae	1	Wood	1G751_Rhinotermes_hispidus_FG_1	Rhinotermitinae	1	Wood	1MAL29_Parrhinotermes_sp2_Malaysia_1	Rhinotermitinae	1	Wood	1NG52_Parrhinotermes_browni_1	Rhinotermitinae	1	Wood	1RDCT003_Schedorhinotermes_putiorus_Congo_1	Rhinotermitinae	1	Wood	1RDCT112_Schedorhinotermes_lamanianus_Congo_1	Rhinotermitinae	1	Wood	1T2.13c_Schedorhinotermes_longirostris_Singapore_1	Rhinotermitinae	1	Wood	1T6.9a_Parrhinotermes_spB_Singapore_1	Rhinotermitinae	1	Wood	1TBRU1.1b_Parrhinotermes_aequalis_spB_Brunei_1	Rhinotermitinae	1	Wood	1TBRU1.22c_Parrhinotermes_microdentiformis_spA_Brunei_1	Rhinotermitinae	1	Wood	1TBRU2.3A_Schedorhinotermes_sarawakensis_Brunei_1	Rhinotermitinae	1	Wood	1THAI023_Parrhinotermes_spA_Thailand_1	Rhinotermitinae	1	Wood	1BRA31_Serritermes_serrifer_1	Serritermitidae	0	Wood	1G702_Glossotermes_oculatus_1	Serritermitidae	0	Wood	1CA26_Sphaerotermes_sphaerothorax_1	Sphaerotermitinae	1	Wood	1CA37_Sphaerotermes_sp.A_1	Sphaerotermitinae	1	Wood	1ISO207_Porotermes_adamsoni_1	Stolotermitidae	0	Wood	1AUST14-12_Stolotermes_victoriensis_1	Stolotermitidae	0	Wood	1Chi156_Stylotermes_sp._1	Stylotermitidae	?	Wood	1CN13_Stylotermes_sp._1	Stylotermitidae	?	Wood	1CN14_Stylotermes_sp._1	Stylotermitidae	?	Wood	1Chi131_Stylotermes_sp._1	Stylotermitidae	?	Wood	1BRA5_Silvestritermes_heyeri_1	Syntermitinae	1	Soil	1G13-101_Silvestritermes_heyeri_1	Syntermitinae	1	Soil	1BRA29_Labiotermes_sp._1	Syntermitinae	1	Soil	1BRA3_Cornitermes_cumulans_1	Syntermitinae	1	Wood	1BRA8_Labiotermes_sp._1	Syntermitinae	1	Soil	1Embiratermes_neotenicus_French_Guiana_1	Syntermitinae	1	Soil	1G13-023_Embiratermes_brevinasus_1	Syntermitinae	1	Soil	1G686_Cyrilliotermes_angulariceps_1	Syntermitinae	1	Soil	1G693_Cornitermes_pugnax_1	Syntermitinae	1	Wood	1G711_Labiotermes_labralis_1	Syntermitinae	1	Soil	1G715_Syntermes_spinosus_1	Syntermitinae	1	Wood	1AUS73_Termes-group_sp.F_1	Termes-group	1	Soil	1BDIT034_Termes_hospes_1	Termes-group	1	Soil	1COL2012L05_Cavitermes_tuberosus_1	Termes-group	1	Soil	1G13-036_Termes_fatalis_1	Termes-group	1	Soil	1G13-055_Termes_fatalis_1	Termes-group	1	Soil	1G13-105_Termes_fatalis_1	Termes-group	1	Soil	1ISO360_Macrognathotermes_errator_1	Termes-group	1	Soil	1THAI036_Termes_rostratus_1	Termes-group	1	Soil	1THAI096_Termes_rostratus_1	Termes-group	1	Soil	1AUS18_Ephelotermes_melachoma_1	Termes-group	1	Soil	1AUS19_Ephelotermes_taylori_1	Termes-group	1	Soil	1AUS46_Lophotermes_septentrionalis_1	Termes-group	1	Soil	1BRA13_Spinitermes_sp.A_1	Termes-group	1	Soil	1BRA2_Inquilinitermes_sp._1	Termes-group	1	Soil	1G13-084_Termes_sp.A_1	Termes-group	1	Soil	1G13-140_Spinitermes_trispinosus_1	Termes-group	1	Soil	1G699_Inquilinitermes_inquilinus_1	Termes-group	1	Soil	1G769_Dihoplotermes_sp.A_1	Termes-group	1	Soil	1RDCT125_Tuberculitermes_bycanistes_1	Termes-group	1	Soil	1SING73_Termes_comis_1	Termes-group	1	Soil	1Sinocapritermes_mushae_Japan_1	Termes-group	1	Soil	1NG77_Termitogeton_planus_1	Termitogetoninae	0	Wood	1B124_Tryonicus_mackerrasae_1	Tryonicidae	NA	NA	NATryonicus_parvus_1	Tryonicidae	NA	NA	NA